2026-01-15T19:21:38.110482,Alice
2026-01-15T19:23:09.554973,Alice
2026-01-15T19:38:57.557243,Alice
2026-01-15T19:39:39.538792,Alice
2026-01-15T19:40:54.167882,Alice
2026-01-15T19:43:54.208890,Alice
2026-01-15T19:44:37.114256,Alice
2026-01-15T19:44:44.611935,Alice
2026-01-15T19:46:20.207849,Alice
2026-01-15T19:46:21.728435,Alice
2026-01-15T19:46:49.525297,Alice
2026-01-15T19:46:51.412062,Alice
2026-01-15T19:47:47.335077,Alice
2026-01-15T19:47:53.113494,Alice
2026-01-15T19:48:50.514729,Alice
2026-01-15T19:52:32.430540,Alice
2026-01-15T19:52:47.444959,Alice
2026-01-15T19:53:57.487328,Alice
2026-01-15T19:54:22.079714,Alice
2026-01-15T19:54:33.342848,Alice
2026-01-15T19:54:54.556184,Alice
2026-01-15T19:55:05.261874,Alice
2026-01-15T19:55:31.574480,Alice
2026-01-15T19:57:22.580328,Alice
2026-01-15T19:57:47.656659,Alice
2026-01-15T19:57:49.571512,Alice
2026-01-15T19:58:43.531177,Alice
2026-01-15T19:58:44.436127,Alice
2026-01-15T19:58:44.932919,Alice
2026-01-15T19:58:54.393487,Alice
2026-01-15T19:59:27.643486,Alice
2026-01-15T20:00:01.759046,Alice
2026-01-15T20:00:03.317473,Alice
2026-01-15T20:00:30.640258,Alice
2026-01-15T20:01:15.691806,Alice
2026-01-15T20:01:30.256758,Alice
2026-01-15T20:01:47.582412,Alice
2026-01-24T22:09:40.907578,Alice
2026-01-26T19:41:26.465277,Alice
2026-01-26T19:41:26.465431,Bob
2026-01-26T19:45:13.942126,Alice
2026-01-26T19:45:13.942727,Bob
2026-02-02T18:08:48.225718,Alice
2026-02-02T18:08:48.226015,Bob
